1,Bernd,Leno
2,R̼nar Alex,R̼narsson
3,Willian,Borges Da Silva
4,Pierre-Emerick,Aubameyang
5,C̩dric,Soares
6,Alexandre,Lacazette
7,Granit,Xhaka
8,Pablo,Mar�?
9,H̩ctor,Beller�?n
10,Calum,Chambers
11,Sead,Kolasinac
12,Mohamed Naser,El Sayed Elneny
13,Ainsley,Maitland-Niles
14,Rob,Holding
15,Thomas,Partey
16,Kieran,Tierney
17,Nicolas,P̩p̩
18,Lucas,Torreira
19,Edward,Nketiah
20,Emile,Smith Rowe
21,Bukayo,Saka
22,Gabriel,Magalḥes
23,Konstantinos,Mavropanos
24,Matt̩o,Guendouzi
25,Gabriel Teodoro,Martinelli Silva
26,William,Saliba
27,Ben,White
28,Nuno,Varela Tavares
29,Albert,Sambi Lokonga
30,Folarin,Balogun
31,Reiss,Nelson
32,Karl,Hein
33,Martin,��degaard
34,Aaron,Ramsdale
35,Arthur,Okonkwo
36,Takehiro,Tomiyasu
37,Jed,Steer
38,Conor,Hourihane
39,Emiliano,Mart�?nez
40,Bj̦rn,Engels
41,Bertrand,Traor̩
42,Morgan,Sanson
43,John,McGinn
44,Kortney,Hause
45,Mahmoud Ahmed,Ibrahim Hassan
46,Tyrone,Mings
47,Matt,Targett
48,Ollie,Watkins
49,Marvelous,Nakamba
50,Anwar,El Ghazi
51,Emiliano,Buend�?a Stati
52,Matthew,Cash
53,Ezri,Konsa Ngoyo
54,Fr̩d̩ric,Guilbert
55,Wesley,Moraes
56,Mbwana Ally,Samatta
57,Keinan,Davis
58,Douglas Luiz,Soares de Paulo
59,Jacob,Ramsey
60,Ashley,Young
61,Axel,Tuanzebe
62,Danny,Ings
63,Leon,Bailey
64,Aaron,Ramsey
65,Jaden,Philogene-Bidace
66,Carney,Chukwuemeka
67,Cameron,Archer
68,Viljami,Sinisalo
69,Lamare,Bogarde
70,Pontus,Jansson
71,Christian,N��rgaard
72,Ivan,Toney
73,Tariqe,Fosu-Henry
74,David,Raya Martin
75,Sergi,Can�?s
76,Pelenda Joshua,Dasilva
77,Rico,Henry
78,Vitaly,Janelt
79,Saman,Ghoddos
80,Mathias,Jensen
81,Charlie,Goode
82,Marcus,Forss
83,Mads,Roerslev Rasmussen
84,Mads,Bech S��rensen
85,Ethan,Pinnock
86,Ellery,Balcombe
87,Jan,Zamburek
88,Patrik,Gunnarsson
89,Halil,Dervi��o��lu
90,Bryan,Mbeumo
91,Mads,Bidstrup
92,Frank,Onyeka
93,Kristoffer,Ajer
94,Dominic,Thompson
95,Shandon,Baptiste
96,Yoane,Wissa
98,Finley,Stevens
99,Mathias,Jorgensen
100,Paris,Maghoma
101,Matthew,Cox
102,Adam,Lallana
103,Jason,Steele
104,Pascal,Gro��
105,Shane,Duffy
106,Davy,Pr̦pper
107,Dan,Burn
108,Lewis,Dunk
109,Solomon,March
110,Adam,Webster
111,Jo��l,Veltman
112,Neal,Maupay
113,Leandro,Trossard
114,Mathew,Ryan
115,Alireza,Jahanbakhsh
116,Bernardo,Fernandes Da Silva Junior
117,Robert,S��nchez
118,Yves,Bissouma
119,Tariq,Lamptey
120,Aaron,Connolly
121,Steven,Alzate
122,Alexis,Mac Allister
123,Jakub,Moder
124,Danny,Welbeck
125,Enock,Mwepu
126,Kjell,Scherpen
127,Florin,Andone
128,Andi,Zeqiri
129,Michal,Karbownik
130,Taylor,Richards
131,Mois̩s,Caicedo
132,Haydon,Roberts
133,Marc,Cucurella
134,J�?rgen,Locadia
135,Jeremy,Sarmiento
136,James,Tarkowski
137,Phil,Bardsley
138,Erik,Pieters
139,Jack,Cork
140,Dale,Stephens
141,Kevin,Long
142,Jay,Rodriguez
143,Ashley,Barnes
144,Ben,Mee
145,Ashley,Westwood
146,Johann Berg,Gudmundsson
147,Chris,Wood
148,Matthew,Lowton
149,Matej,Vydra
150,Nick,Pope
151,Charlie,Taylor
152,Will,Norris
153,Josh,Brownhill
154,Josh,Benson
155,Bailey,Peacock-Farrell
156,Dwight,McNeil
157,Nathan,Collins
158,Wayne,Hennessey
159,Lewis,Richardson
160,Bobby,Thomas
161,Owen,Dodgson
162,Aaron,Lennon
163,Maxwel,Cornet
164,Connor,Roberts
165,C̩sar,Azpilicueta
166,Olivier,Giroud
167,Thiago,Emiliano da Silva
168,Marcos,Alonso
169,Jorge Luiz,Frello Filho
170,Ross,Barkley
171,Mateo,Kovacic
172,Michy,Batshuayi
173,Antonio,R�?diger
174,Kepa,Arrizabalaga
175,N'Golo,Kant̩
176,Hakim,Ziyech
177,Ruben,Loftus-Cheek
178,Andreas,Christensen
179,Timo,Werner
180,Benjamin,Chilwell
181,Tammy,Abraham
182,Christian,Pulisic
183,Mason,Mount
184,Ethan,Ampadu
185,Callum,Hudson-Odoi
186,Kai,Havertz
187,Reece,James
188,Edouard,Mendy
189,Malang,Sarr
190,Trevoh,Chalobah
191,Romelu,Lukaku
192,Emerson,Palmieri dos Santos
193,Sa̼l,���?guez
194,Marcus,Bettinelli
195,Conor,Gallagher
196,Vicente,Guaita
197,James,Tomkins
198,James,McArthur
199,Christian,Benteke
200,Cheikhou,Kouyat̩
201,Martin,Kelly
202,Luka,Milivojevic
203,Jordan,Ayew
204,Wilfried,Zaha
205,Jeffrey,Schlupp
206,Jack,Butland
207,Jairo,Riedewald
208,Jaros��aw,Jach
209,Jean-Philippe,Mateta
210,Eberechi,Eze
211,Nathan,Ferguson
212,Tyrick,Mitchell
213,Will,Hughes
214,Michael,Olise
215,Joel,Ward
216,Marc,Gu̩hi
217,Joachim,Andersen
218,Nathaniel,Clyne
219,Reece,Hannam
220,Jesurun,Rak-Sakyi
221,Robert,Street
222,Scott,Banks
223,Remi,Matthews
224,Odsonne,Edouard
225,Fabian,Delph
226,Gylfi,Sigurdsson
227,Seamus,Coleman
228,James,Rodr�?guez
229,Bernard,An�?cio Caldeira Duarte
230,Lucas,Digne
231,Michael,Keane
232,Jordan,Pickford
233,Allan,Marques Loureiro
234,Andr̩ Filipe,Tavares Gomes
235,Abdoulaye,Doucour̩
236,Alex,Iwobi
237,Yerry,Mina
238,Tom,Davies
239,Dominic,Calvert-Lewin
240,Mason,Holgate
241,Ben,Godfrey
242,Richarlison,de Andrade
243,Jọo,Virg�?nia
244,Asmir,Begovi��
245,Andros,Townsend
246,Demarai,Gray
247,Jonjoe,Kenny
248,Anthony,Gordon
249,Jean-Philippe,Gbamin
250,Jarrad,Branthwaite
251,Nathan,Broadhead
252,Moise,Kean
253,Niels,Nkounkou
254,Andy,Lonergan
255,Salom�?n,Rond�?n
256,Ellis,Simms
257,Lewis,Dobbin
258,Charlie,Whitaker
259,Harry,Tyrer
260,Cenk,Tosun
261,Reece,Welch
262,Kasper,Schmeichel
263,Jonny,Evans
264,Marc,Albrighton
265,Nampalys,Mendy
266,Danny,Ward
267,Jamie,Vardy
268,Dennis,Praet
269,Ricardo Domingos,Barbosa Pereira
270,Daniel,Amartey
271,Timothy,Castagne
272,Youri,Tielemans
273,Ayoze,P̩rez
274,James,Maddison
275,Kelechi,Iheanacho
276,Hamza,Choudhury
277,Harvey,Barnes
278,Wilfred,Ndidi
279,��aglar,Șy�?nc�?
280,James,Justin
281,Luke,Thomas
282,Wesley,Fofana
283,Jannik,Vestergaard
284,Patson,Daka
285,Boubakary,Soumar̩
286,Ryan,Bertrand
287,Kiernan,Dewsbury-Hall
288,Eldin,Jakupovic
289,Ademola,Lookman
290,Pablo,Hern��ndez Dom�?nguez
291,Francisco,Casilla Cort̩s
292,Liam,Cooper
293,Luke,Ayling
294,Mateusz,Klich
295,Rodrigo,Moreno
296,Stuart,Dallas
297,Patrick,Bamford
298,Diego,Llorente
299,Kalvin,Phillips
300,H̩lder Wander,Sousa de Azevedo e Costa
301,Tyler,Roberts
302,Robin,Koch
303,Ian Carlo,Poveda-Ocampo
304,Raphael,Dias Belloli
305,Jamie,Shackleton
306,Pascal,Struijk
307,Illan,Meslier
308,Jack,Harrison
309,Daniel,James
310,H̩ctor Junior,Firpo Adames
311,Kristoffer,Klaesson
312,Sam,Greenwood
313,Crysencio,Summerville
314,Adam,Forshaw
315,Cody,Drameh
316,Charlie,Cresswell
317,Liam,McCarron
318,Joe,Gelhardt
319,Nohan,Kenneh
320,Stuart,McKinstry
321,Leo Fuhr,Hjelde
322,James,Milner
323,Jordan,Henderson
324,Adri��n,San Miguel del Castillo
325,Joel,Matip
326,Thiago,Alc��ntara do Nascimento
327,Xherdan,Shaqiri
328,Alex,Oxlade-Chamberlain
329,Roberto,Firmino
330,Virgil,van Dijk
331,Sadio,Man̩
332,Alisson,Ramses Becker
333,Fabio Henrique,Tavares
334,Mohamed,Salah
335,Andrew,Robertson
336,Divock,Origi
337,Takumi,Minamino
338,Trent,Alexander-Arnold
339,Joseph,Gomez
340,Naby,Keita
341,Diogo,Jota
342,Nathaniel,Phillips
343,Caoimhin,Kelleher
344,Ibrahima,Konat̩
345,Curtis,Jones
346,Konstantinos,Tsimikas
347,Neco,Williams
348,Rhys,Williams
349,Ben,Davies
350,Harvey,Elliott
351,Ben,Woodburn
352,Tyler,Morton
353,Jack,Grealish
354,Kyle,Walker
355,Ilkay,G�?ndogan
356,Kevin,De Bruyne
357,John,Stones
358,Benjamin,Mendy
359,Riyad,Mahrez
360,Raheem,Sterling
361,Jọo Pedro Cavaco,Cancelo
362,Ederson,Santana de Moraes
363,Nathan,Ak̩
364,Aymeric,Laporte
365,Zack,Steffen
366,Bernardo Mota,Veiga de Carvalho e Silva
367,R̼ben Santos,Gato Alves Dias
368,Gabriel Fernando,de Jesus
369,Oleksandr,Zinchenko
370,Phil,Foden
371,Rodrigo,Hernandez
372,Ferran,Torres
373,Fernando,Luiz Rosa
374,Cole,Palmer
375,Samuel,Edozie
376,Tommy,Doyle
377,Scott,Carson
378,Luke,Mbete
379,Joshua,Wilson-Esbrand
380,Romeo,Lavia
381,Cieran,Slicker
382,Edinson,Cavani
383,David,de Gea
384,Nemanja,Matic
385,Paul,Pogba
386,Harry,Maguire
387,Frederico,Rodrigues de Paula Santos
388,Luke,Shaw
389,Jesse,Lingard
390,Bruno Miguel,Borges Fernandes
391,Anthony,Martial
392,Alex Nicolao,Telles
393,Dean,Henderson
394,Marcus,Rashford
395,Donny,van de Beek
396,Victor,Lindel̦f
397,Scott,McTominay
398,Eric,Bailly
399,Aaron,Wan-Bissaka
400,Mason,Greenwood
401,Juan,Mata
402,Jadon,Sancho
403,Tom,Heaton
404,Jos̩ Diogo,Dalot Teixeira
405,Andreas,Pereira
406,Anthony,Elanga
407,Rapha��l,Varane
408,Cristiano Ronaldo,dos Santos Aveiro
409,Joseph,Willock
410,Jonjo,Shelvey
411,Matt,Ritchie
412,Ciaran,Clark
413,Karl,Darlow
414,Martin,Dubravka
415,Callum,Wilson
416,Jeff,Hendrick
417,Ryan,Fraser
418,Jamaal,Lascelles
419,Dwight,Gayle
420,Paul,Dummett
421,Javier,Manquillo
422,Emil,Krafth
423,Jacob,Murphy
424,Fabian,Sch�?r
425,Isaac,Hayden
426,Allan,Saint-Maximin
427,Miguel,Almir�?n
428,Sean,Longstaff
429,Joelinton C��ssio,Apolin��rio de Lira
430,Jamal,Lewis
431,Matthew,Longstaff
432,Federico,Fern��ndez
433,Freddie,Woodman
434,Mark,Gillespie
435,Joe,White
436,Elliot,Anderson
437,Billy,Gilmour
438,Brandon,Williams
439,Michael,McGovern
440,Tim,Krul
441,Teemu,Pukki
442,Marco,Stiepermann
443,Lukas,Rupp
444,Kenny,McLean
445,Grant,Hanley
446,Onel,Hern��ndez
447,Sam,Byram
448,Jordan,Hugill
449,Kieran,Dowell
450,Christoph,Zimmermann
451,Todd,Cantwell
452,Max,Aarons
453,Jacob,S��rensen
454,Przemyslaw,Placheta
455,Adam,Idah
456,Josh,Martin
457,Andrew,Omobamidele
458,Angus,Gunn
459,Milot,Rashica
460,Ben,Gibson
461,Dimitris,Giannoulis
462,Pierre,Lees-Melou
463,Bali,Mumba
464,Joshua,Sargent
465,Christos,Tzolis
466,Ozan,Kabak
467,Mathias,Normann
468,Theo,Walcott
469,Fraser,Forster
470,Alex,McCarthy
471,Oriol,Romeu Vidal
472,Nathan,Redmond
473,Jack,Stephens
474,Stuart,Armstrong
475,James,Ward-Prowse
476,Kyle,Walker-Peters
477,Jan,Bednarek
478,Daniel,N'Lundulu
479,Che,Adams
480,Nathan,Tella
481,William,Smallbone
482,Michael,Obafemi
483,Ibrahima,Diallo
484,Moussa,Djenepo
485,Mohammed,Salisu
486,Romain,Perraud
487,Tino,Livramento
488,Mohamed,Elyounoussi
489,Armando,Broja
490,Shane,Long
491,Adam,Armstrong
492,Yan,Valery
493,Lyanco Evangelista,Silveira Neves Vojnovic
494,Joe,Hart
495,Hugo,Lloris
496,Toby,Alderweireld
497,Erik,Lamela
498,Harry,Kane
499,Serge,Aurier
500,Heung-Min,Son
501,Matt,Doherty
502,Eric,Dier
503,Lucas,Rodrigues Moura da Silva
504,Bamidele,Alli
505,Ben,Davies
506,Pierre-Emile,H��jbjerg
507,Harry,Winks
508,Davinson,S��nchez
509,Ryan,Sessegnon
510,Steven,Bergwijn
511,Sergio,Reguil�?n
512,Japhet,Tanganga
513,Giovani,Lo Celso
514,Oliver,Skipp
515,Joe,Rodon
516,Tanguy,Ndombele
517,Pierluigi,Gollini
518,Bryan,Gil Salvatierra
519,Cristian,Romero
520,Dane,Scarlett
521,Emerson Aparecido,Leite de Souza Junior
522,Dilan,Markanday
523,Tobi,Omole
524,Moussa,Sissoko
525,Ben,Foster
526,Danny,Rose
527,Dan,Gosling
528,Craig,Cathcart
529,Troy,Deeney
530,Tom,Cleverley
531,Francisco,Femen�?a Far
532,Andre,Gray
533,Christian,Kabasele
534,Nathaniel,Chalobah
535,William,Troost-Ekong
536,Stipe,Perica
537,Daniel,Bachmann
538,Adam,Masina
539,Ken,Sema
540,Philip,Zinckernagel
541,Isaac,Success Ajayi
542,Ayotomiwa,Dele-Bashiru
543,Ashley,Fletcher
544,Francisco,Sierralta
545,Domingos,Quina
546,Marc,Navarro
547,Ismaila,Sarr
548,Jeremy,Ngakia
549,Ben,Wilmot
550,Joseph,Hungbo
551,Imr̢n,Louza
552,Jọo Pedro,Junqueira de Jesus
553,Kwadwo,Baah
554,Emmanuel,Dennis
555,Matthew,Pollock
556,Oghenekaro Peter,Etebo
557,Joshua,King
558,Adedapo,Awokoya-Mebude
559,Juan Camilo,Hern��ndez Su��rez
560,Juraj,Kucka
561,Ozan,Tufan
562,Robert,Elliot
563,Nicolas,Nkoulou
564,Kurt,Zouma
565,Mark,Noble
566,Darren,Randolph
567,Lukasz,Fabianski
568,Angelo,Ogbonna
569,Winston,Reid
570,Aaron,Cresswell
571,Andriy,Yarmolenko
572,Michail,Antonio
573,Craig,Dawson
574,Ryan,Fredericks
575,Manuel,Lanzini
576,Arthur,Masuaku
577,Vladimir,Coufal
578,Sa��d,Benrahma
579,Jarrod,Bowen
580,Declan,Rice
581,Tomas,Soucek
582,Pablo,Fornals
583,Issa,Diop
584,Ben,Johnson
585,Alphonse,Areola
586,Frederik,Alves
587,Conor,Coventry
588,Jamal,Baptiste
589,Nikola,Vlasic
590,Alex,Kral
591,Harrison,Ashby
592,Jọo Filipe Iria,Santos Moutinho
593,Rui Pedro,dos Santos Patr�?cio
594,Willy,Boly
595,Conor,Coady
596,Ra̼l,Jim̩nez
597,Romain,Sa��ss
598,Fernando,Mar̤al
599,Jonathan,Castro Otto
600,Leander,Dendoncker
601,Adama,Traor̩
602,R̼ben Diogo,da Silva Neves
603,N̩lson,Cabral Semedo
604,Daniel,Castelo Podence
605,Max,Kilman
606,Morgan,Gibbs-White
607,Pedro,Lomba Neto
608,Owen,Otasowie
609,Ki-Jana,Hoever
610,Andreas,Șndergaard
611,Fabio,Silva
612,Yerson,Mosquera Valdelamar
613,John,Ruddy
614,Francisco,Machado Mota de Castro Trinc̣o
615,Rayan,Ait Nouri
616,Jos̩,Malheiro de S��
617,Patrick,Cutrone
618,Luke,Cundle
619,Chem,Campbell
620,Christian,Marques
621,Hee-Chan,Hwang
622,Louie,Moulden
623,James,Storer
